City_ID,City,Country,Lat,Lng,Max Temp,Humidity,Cloudiness,Wind Speed,Current Description
0,Bad Liebenwerda,DE,51.5167,13.4,42.8,75,20,2.3,few clouds
1,Atuona,PF,-9.8,-139.0333,80.29,79,30,22.82,scattered clouds
2,Walvis Bay,NA,-22.9575,14.5053,64.0,72,6,8.05,clear sky
3,Bethel,US,41.3712,-73.414,61.0,20,1,14.97,clear sky
4,Mabaruma,GY,8.2,-59.7833,75.63,90,100,4.88,overcast clouds
5,Thompson,CA,55.7435,-97.8558,24.8,74,90,13.8,light snow
6,Rikitea,PF,-23.1203,-134.9692,79.11,68,100,17.56,overcast clouds
7,Kaitangata,NZ,-46.2817,169.8464,53.01,79,22,5.99,few clouds
8,Laguna,US,38.421,-121.4238,75.0,43,1,12.66,clear sky
9,Pevek,RU,69.7008,170.3133,12.76,89,48,3.58,scattered clouds
10,Ushuaia,AR,-54.8,-68.3,42.8,87,75,4.61,broken clouds
11,Bluff,NZ,-46.6,168.3333,46.0,95,82,1.99,light rain
12,Punta Arenas,CL,-53.15,-70.9167,46.4,93,75,3.44,broken clouds
13,Norman Wells,CA,65.282,-126.8329,32.0,32,75,11.5,broken clouds
14,Jamestown,US,42.097,-79.2353,55.4,30,1,17.27,clear sky
15,Hilo,US,19.7297,-155.09,75.2,73,90,6.91,moderate rain
16,Mataura,NZ,-46.1927,168.8643,46.0,95,65,1.99,broken clouds
17,Qaanaaq,GL,77.484,-69.3632,22.28,83,100,4.63,overcast clouds
18,Victoria,HK,22.2855,114.1577,78.01,87,20,3.0,few clouds
19,New Norfolk,AU,-42.7826,147.0587,51.01,89,97,1.01,overcast clouds
20,Bilibino,RU,68.0546,166.4372,20.37,85,99,3.83,overcast clouds
21,Baykit,RU,61.67,96.37,27.34,93,79,2.13,broken clouds
22,Hermanus,ZA,-34.4187,19.2345,57.99,86,98,1.01,overcast clouds
23,Acandi,CO,8.5063,-77.2778,82.02,80,84,11.03,broken clouds
24,Ulaangom,MN,49.9811,92.0667,31.84,66,86,3.29,overcast clouds
25,Karratha,AU,-20.7377,116.8463,74.37,26,0,11.21,clear sky
26,Kapaa,US,22.0752,-159.319,80.6,65,20,17.27,few clouds
27,Georgetown,MY,5.4112,100.3354,78.8,94,40,7.36,scattered clouds
28,Finschhafen,PG,-6.6024,147.8681,77.95,87,100,8.59,overcast clouds
29,Muros,ES,42.7762,-9.0603,60.01,90,52,3.0,light rain
30,Busselton,AU,-33.65,115.3333,61.0,75,99,1.01,overcast clouds
31,Grindavik,IS,63.8424,-22.4338,44.6,93,90,19.57,overcast clouds
32,Carnarvon,AU,-24.8667,113.6333,64.4,77,0,8.05,clear sky
33,Sokoni,TZ,-6.4333,39.55,80.6,83,40,13.8,scattered clouds
34,Saint Stephen,GB,50.3333,-4.9,51.8,50,98,23.02,overcast clouds
35,Nikolskoye,RU,59.7035,30.7861,39.99,80,40,4.47,scattered clouds
36,Cabo San Lucas,MX,22.8909,-109.9124,84.2,47,40,8.05,scattered clouds
37,San Cristobal,VE,7.7669,-72.225,89.6,58,20,9.22,few clouds
38,Hobart,AU,-42.8794,147.3294,51.8,71,75,8.05,light rain
39,Port Elizabeth,ZA,-33.918,25.5701,62.6,82,40,8.05,scattered clouds
40,Cap-Aux-Meules,CA,47.3821,-61.8597,37.4,81,100,20.71,overcast clouds
41,Fairbanks,US,64.8378,-147.7164,55.4,28,1,9.22,clear sky
42,Vila Velha,BR,-20.3297,-40.2925,77.0,69,75,8.05,broken clouds
43,Acapulco,MX,16.8634,-99.8901,86.0,62,90,11.5,overcast clouds
44,Tiksi,RU,71.6872,128.8694,7.45,94,98,7.36,overcast clouds
45,Hualmay,PE,-11.0964,-77.6139,69.31,82,31,9.08,scattered clouds
46,Albany,US,42.6001,-73.9662,57.0,30,20,23.02,few clouds
47,Hithadhoo,MV,-0.6,73.0833,82.0,74,7,7.9,clear sky
48,Alihe,CN,50.5667,123.7167,31.89,38,29,3.29,scattered clouds
49,George Town,MY,5.4112,100.3354,78.8,94,40,7.36,scattered clouds
50,Tuy Hoa,VN,13.0833,109.3,75.56,91,48,3.33,scattered clouds
51,Provideniya,RU,64.3833,-173.3,40.23,57,81,4.12,broken clouds
52,Tessalit,ML,20.1986,1.0114,88.03,7,0,6.64,clear sky
53,Vila Do Maio,CV,15.1333,-23.2167,69.8,73,20,14.97,few clouds
54,Port Alfred,ZA,-33.5906,26.891,66.43,72,0,21.41,clear sky
55,Saskylakh,RU,71.9167,114.0833,33.6,97,100,20.09,light snow
56,Kendari,ID,-3.945,122.4989,73.78,94,82,3.78,broken clouds
57,Durango,MX,24.8333,-104.8333,78.21,8,62,25.34,broken clouds
58,Arraial Do Cabo,BR,-22.9661,-42.0278,73.4,83,0,18.41,clear sky
59,Vaini,TO,-21.2,-175.2,82.4,83,20,3.44,light rain
60,Arica,CL,-18.475,-70.3042,69.8,64,0,12.66,clear sky
61,Puerto Ayora,EC,-0.7393,-90.3518,84.2,70,20,17.27,few clouds
62,Panji,ID,-7.7253,114.0995,72.95,83,28,4.59,scattered clouds
63,Tuatapere,NZ,-46.1333,167.6833,46.0,95,99,1.99,overcast clouds
64,Lebu,CL,-37.6167,-73.65,55.53,88,31,8.32,scattered clouds
65,Upernavik,GL,72.7868,-56.1549,31.51,79,100,5.99,overcast clouds
66,Yellowknife,CA,62.456,-114.3525,16.0,57,75,13.8,broken clouds
67,Yar-Sale,RU,66.8333,70.8333,34.07,99,100,10.22,overcast clouds
68,Chimore,BO,-16.9833,-65.1333,74.34,95,46,1.59,scattered clouds
69,Auki,SB,-8.7676,160.7034,81.1,76,31,2.93,scattered clouds
70,Montepuez,MZ,-13.1256,38.9997,69.37,87,90,6.6,overcast clouds
71,Barsovo,RU,61.1667,73.1667,41.0,56,0,4.47,clear sky
72,Teyateyaneng,LS,-29.1472,27.7489,50.31,39,55,3.85,broken clouds
73,Bay Roberts,CA,47.5999,-53.2648,45.0,70,75,21.85,broken clouds
74,Lasa,IT,46.6166,10.7002,59.0,52,0,5.75,clear sky
75,Ambilobe,MG,-13.2,49.05,72.46,84,90,4.27,overcast clouds
76,Sao Jose Da Coroa Grande,BR,-8.8978,-35.1478,78.98,79,7,7.58,clear sky
77,Castro,BR,-24.7911,-50.0119,57.15,75,5,2.39,clear sky
78,Brindisi,IT,40.5833,17.6667,55.99,92,100,3.0,overcast clouds
79,Malpe,IN,13.35,74.7167,78.8,89,20,11.5,few clouds
80,Pacific Grove,US,36.6177,-121.9166,60.8,59,75,13.8,broken clouds
81,Marawi,PH,7.9986,124.2928,73.99,91,100,4.0,overcast clouds
82,Port Macquarie,AU,-31.4333,152.9167,52.0,87,19,8.05,few clouds
83,Bengkulu,ID,-3.8004,102.2655,73.56,89,90,3.83,overcast clouds
84,Sept-Iles,CA,50.2001,-66.3821,37.0,93,81,5.75,broken clouds
85,Katobu,ID,-4.9408,122.5276,73.29,93,13,1.66,few clouds
86,Tasiilaq,GL,65.6145,-37.6368,37.4,48,75,4.61,broken clouds
87,Chuy,UY,-33.6971,-53.4616,66.92,83,17,13.04,few clouds
88,San Policarpo,PH,12.1791,125.5072,77.16,87,100,6.55,overcast clouds
89,El Uvito,CO,7.2429,-72.6294,78.8,73,40,9.22,scattered clouds
90,Airai,TL,-8.9266,125.4092,57.72,87,19,2.73,few clouds
91,Alim,PH,9.5649,122.4876,80.4,81,100,7.14,light rain
92,Pokhara,NP,28.2333,83.9833,69.03,29,22,7.56,few clouds
93,Artur Nogueira,BR,-22.5731,-47.1725,75.2,46,20,8.05,few clouds
94,Okato,NZ,-39.2,173.8833,60.01,79,36,11.01,scattered clouds
95,Solnechnyy,RU,50.7214,136.6319,33.6,64,68,5.73,broken clouds
96,Bambari,CF,5.768,20.6757,70.83,95,100,5.95,light rain
97,Kavaratti,IN,10.5669,72.642,83.43,74,16,7.9,few clouds
98,Kruisfontein,ZA,-34.0033,24.7314,59.0,91,4,4.74,clear sky
99,Zhigansk,RU,66.7697,123.3711,10.22,90,55,5.03,broken clouds
100,Harper,LR,4.375,-7.7169,81.59,81,99,8.57,overcast clouds
101,Collie,AU,-33.3667,116.15,55.99,81,93,3.47,overcast clouds
102,Kodinsk,RU,58.6881,99.1844,28.02,93,80,2.01,broken clouds
103,Borgarnes,IS,64.5383,-21.9206,46.99,81,100,7.0,overcast clouds
104,Ribeira Grande,PT,38.5167,-28.7,59.0,77,40,31.07,scattered clouds
105,Savalou,BJ,7.9281,1.9756,76.24,78,99,2.93,light rain
106,Cuamba,MZ,-14.8031,36.5372,66.34,84,48,2.73,scattered clouds
107,Butaritari,KI,3.0707,172.7902,82.56,76,93,9.95,overcast clouds
108,Ponta Do Sol,PT,32.6667,-17.1,60.01,82,50,5.01,scattered clouds
109,Cape Town,ZA,-33.9258,18.4232,59.0,82,0,5.75,clear sky
110,Kaifeng,CN,34.7911,114.3483,57.2,72,90,20.13,moderate rain
111,Pisco,PE,-13.7,-76.2167,69.8,73,0,11.5,clear sky
112,Lompoc,US,34.6391,-120.4579,60.8,59,0,9.22,clear sky
113,Hasaki,JP,35.7333,140.8333,48.2,81,40,4.61,scattered clouds
114,Bredasdorp,ZA,-34.5322,20.0403,50.0,93,97,3.44,overcast clouds
115,Leningradskiy,RU,69.3833,178.4167,28.47,85,100,2.86,overcast clouds
116,Duldurga,RU,50.6761,113.5931,30.76,30,98,2.39,overcast clouds
117,Alexandria,EG,31.2156,29.9553,64.4,77,0,9.22,clear sky
118,Ola,RU,59.5833,151.2833,26.26,93,98,3.74,overcast clouds
119,Bonthe,SL,7.5264,-12.505,79.07,84,90,4.29,overcast clouds
120,Durres,AL,41.3231,19.4414,51.8,87,0,1.14,clear sky
121,Cidreira,BR,-30.1811,-50.2056,70.59,78,2,18.07,clear sky
122,Raymondville,US,26.4815,-97.7831,89.6,58,40,17.27,scattered clouds
123,Kahului,US,20.8947,-156.47,80.6,61,40,20.71,scattered clouds
124,Rumonge,BI,-3.9736,29.4386,69.87,87,53,4.25,moderate rain
125,Barrow,US,71.2906,-156.7887,19.4,79,1,3.44,clear sky
126,Hanzhong,CN,33.0728,107.0303,56.57,93,100,7.11,overcast clouds
127,Tvoroyri,FO,61.5556,-6.8111,42.8,100,20,5.75,few clouds
128,Faanui,PF,-16.4833,-151.75,80.4,74,80,9.82,light rain
129,Aykhal,RU,66.0,111.5,21.02,87,81,6.71,broken clouds
130,Fortuna,US,40.5982,-124.1573,59.0,76,1,10.36,clear sky
131,Coquimbo,CL,-29.9533,-71.3436,64.4,59,40,11.5,scattered clouds
132,Samarai,PG,-10.6167,150.6667,83.21,77,99,10.63,overcast clouds
133,Iqaluit,CA,63.7506,-68.5145,28.4,93,90,4.61,light snow
134,Vao,NC,-22.6667,167.4833,75.69,76,97,13.04,overcast clouds
135,Libreville,GA,0.3925,9.4537,79.03,84,34,6.93,scattered clouds
136,Nicoya,CR,10.1483,-85.452,91.4,43,20,12.66,few clouds
137,Clyde River,CA,70.4692,-68.5914,17.6,100,90,5.75,overcast clouds
138,Bongandanga,CD,1.5,21.05,70.38,99,100,1.68,overcast clouds
139,Komsomolskiy,UZ,40.4272,71.7189,53.6,58,13,2.3,few clouds
140,Sao Filipe,CV,14.8961,-24.4956,72.66,72,45,11.03,scattered clouds
141,Vila Franca Do Campo,PT,37.7167,-25.4333,59.0,72,40,20.71,scattered clouds
142,Chokurdakh,RU,70.6333,147.9167,-0.53,91,68,1.9,broken clouds
143,Rudiskes,LT,54.5167,24.8333,33.8,86,75,9.22,broken clouds
144,Omsukchan,RU,62.5333,155.8,23.7,92,100,2.73,light snow
145,Quincy,US,42.2529,-71.0023,60.01,28,62,3.0,broken clouds
146,Katsuura,JP,35.1333,140.3,53.6,71,20,5.75,few clouds
147,Tsurugashima,JP,35.9397,139.3907,55.99,76,1,2.15,clear sky
148,Kontagora,NG,10.3999,5.4695,87.62,45,90,8.66,overcast clouds
149,Codrington,AU,-38.2667,141.9667,53.76,88,100,7.96,overcast clouds
150,Nanortalik,GL,60.1432,-45.2371,36.81,85,15,3.78,few clouds
151,Nagato,JP,34.3833,131.2,60.8,88,75,11.5,broken clouds
152,Nieuw Amsterdam,SR,5.8833,-55.0833,82.4,78,40,5.75,moderate rain
153,Cabra,ES,37.4725,-4.4421,62.6,67,0,3.44,clear sky
154,Shunyi,CN,40.125,116.6453,50.0,93,0,5.26,clear sky
155,Mitsamiouli,KM,-11.3847,43.2844,80.73,79,84,12.46,light rain
156,Kodiak,US,57.79,-152.4072,39.2,87,90,5.75,light rain
157,Aksu,CN,41.1231,80.2644,50.11,43,0,6.87,clear sky
158,Sitka,US,57.0531,-135.33,59.0,23,1,10.36,clear sky
159,Krasnoarmeysk,RU,51.0239,45.6969,46.9,83,71,3.96,broken clouds
160,Ilulissat,GL,69.2167,-51.1,37.4,65,100,2.3,overcast clouds
161,Huarmey,PE,-10.0681,-78.1522,70.66,79,9,8.28,clear sky
162,Balkhash,KZ,46.844,74.9804,38.26,41,32,12.12,scattered clouds
163,Vallenar,CL,-28.5708,-70.7581,64.58,57,92,5.44,overcast clouds
164,Dikson,RU,73.5069,80.5464,32.2,97,100,18.57,overcast clouds
165,Matara,LK,5.9485,80.5353,77.14,90,70,5.41,broken clouds
166,Hamilton,US,39.1834,-84.5333,59.0,44,90,10.36,overcast clouds
167,Berlevag,NO,70.8578,29.0864,28.4,80,20,10.36,light snow
168,Ahipara,NZ,-35.1667,173.1667,65.23,69,46,9.44,scattered clouds
169,Goderich,CA,43.7501,-81.7165,55.4,44,30,9.22,scattered clouds
170,Katangli,RU,51.7102,143.2326,29.55,93,100,8.84,snow
171,Henties Bay,NA,-22.116,14.2845,64.0,85,6,4.34,clear sky
172,San Patricio,US,28.017,-97.5169,86.0,70,1,26.46,clear sky
173,Orlik,RU,52.5178,99.825,23.59,91,100,3.11,light snow
174,Avarua,CK,-21.2078,-159.775,82.4,74,75,17.27,broken clouds
175,Eqbaliyeh,IR,35.3022,51.5358,73.4,37,75,11.5,broken clouds
176,Kudat,MY,6.8837,116.8477,78.8,89,20,3.44,few clouds
177,Evensk,RU,61.95,159.2333,30.24,98,100,6.42,snow
178,Flagstaff,US,35.1981,-111.6513,63.0,21,20,18.41,few clouds
179,Birao,CF,10.2849,22.7882,89.58,29,98,8.5,overcast clouds
180,Porto De Moz,BR,-1.7483,-52.2383,78.28,83,97,2.13,overcast clouds
181,Lerwick,GB,60.1545,-1.1494,44.6,87,98,3.44,overcast clouds
182,Khatanga,RU,71.9667,102.5,32.95,97,100,21.07,overcast clouds
183,Szczecinek,PL,53.7079,16.6994,37.0,62,0,6.58,clear sky
184,Poya,NC,-21.35,165.15,78.75,79,94,3.76,overcast clouds
185,Maniitsoq,GL,65.4167,-52.9,34.16,73,12,4.05,few clouds
186,Yatou,CN,37.15,122.3833,49.84,88,100,13.58,overcast clouds
187,Korla,CN,41.7597,86.1469,43.63,61,44,9.46,scattered clouds
188,Savannah Bight,HN,16.45,-85.85,86.0,66,20,12.66,few clouds
189,Guerrero Negro,MX,27.9769,-114.0611,65.07,59,13,21.27,few clouds
190,East London,ZA,-33.0153,27.9116,64.45,76,8,10.0,clear sky
191,Meulaboh,ID,4.1363,96.1285,76.96,85,100,3.0,light rain
192,Chaah,MY,2.249,103.048,76.08,89,98,0.85,moderate rain
193,Wadi Maliz,TN,36.4681,8.5495,59.0,82,40,3.44,scattered clouds
194,Te Anau,NZ,-45.4167,167.7167,47.79,84,73,3.06,light rain
195,Challapata,BO,-18.9,-66.7667,53.26,30,64,7.38,broken clouds
196,Asau,RO,46.4333,26.4,37.99,70,38,2.98,scattered clouds
197,Saint-Francois,FR,46.4154,3.9054,50.0,46,0,1.14,clear sky
198,Nemuro,JP,43.3236,145.575,39.83,81,100,15.77,overcast clouds
199,Pampas,PE,-12.4,-74.9,55.04,76,60,3.31,broken clouds
200,Narsaq,GL,60.9167,-46.05,46.4,49,1,8.05,clear sky
201,Denpasar,ID,-8.65,115.2167,77.0,83,20,3.44,few clouds
202,Gawler,AU,-34.6,138.7333,54.0,91,72,2.06,broken clouds
203,Americus,US,32.0724,-84.2327,73.4,23,90,4.61,overcast clouds
204,Cave Spring,US,37.2276,-80.0128,64.0,25,75,6.91,broken clouds
205,Vardo,NO,70.3705,31.1107,33.8,69,40,11.5,scattered clouds
206,Lorengau,PG,-2.0226,147.2712,79.83,78,94,3.4,overcast clouds
207,Llangefni,GB,53.2556,-4.3106,53.01,50,100,5.75,overcast clouds
208,Anaconda,US,46.1285,-112.9423,41.0,65,90,3.44,overcast clouds
209,Wellington,NZ,-41.2866,174.7756,62.6,77,13,8.05,few clouds
210,Taltal,CL,-25.4,-70.4833,63.88,76,11,5.64,few clouds
211,Namatanai,PG,-3.6667,152.4333,78.22,84,100,3.91,overcast clouds
212,Pangnirtung,CA,66.1451,-65.7125,24.8,93,75,2.3,broken clouds
213,Burnie,AU,-41.0667,145.9167,48.99,96,89,4.0,overcast clouds
214,Ostrovnoy,RU,68.0531,39.5131,32.49,93,100,19.24,light snow
215,Sao Joao Da Barra,BR,-21.6403,-41.0511,77.0,65,0,9.22,clear sky
216,Puerto Leguizamo,CO,-0.1934,-74.7819,78.76,93,64,2.21,broken clouds
217,Nuuk,GL,64.1835,-51.7216,32.0,86,90,4.61,overcast clouds
218,Thaton,MM,16.9206,97.3714,80.55,80,99,1.34,overcast clouds
219,Avera,US,33.194,-82.5271,71.6,24,1,9.22,clear sky
220,Sabha,LY,27.0377,14.4283,84.42,12,59,5.28,broken clouds
221,Cherskiy,RU,68.75,161.3,22.15,94,100,5.95,snow
222,Oriximina,BR,-1.7656,-55.8661,77.27,90,92,3.8,overcast clouds
223,Tuktoyaktuk,CA,69.4541,-133.0374,15.8,62,75,11.5,broken clouds
224,Nipawin,CA,53.3668,-104.0009,37.4,30,75,11.5,broken clouds
225,Bambous Virieux,MU,-20.3428,57.7575,79.0,78,40,9.22,light rain
226,Grand Gaube,MU,-20.0064,57.6608,79.0,78,99,7.0,light rain
227,Gizo,SB,-8.103,156.8419,82.81,73,95,8.79,overcast clouds
228,College,US,64.8569,-147.8028,55.4,30,20,8.05,few clouds
229,Honiara,SB,-9.4333,159.95,82.11,78,60,2.26,broken clouds
230,Lagoa,PT,39.05,-27.9833,57.81,78,7,32.37,clear sky
231,Penukonda,IN,14.0833,77.5833,78.12,59,62,7.02,broken clouds
232,Alofi,NU,-19.0595,-169.9187,84.2,79,10,5.75,clear sky
233,Sumbe,AO,-11.2061,13.8437,79.99,89,78,3.33,broken clouds
234,Morki,RU,56.4303,48.9947,42.64,89,93,4.99,overcast clouds
235,Yulara,AU,-25.2406,130.9889,51.8,66,1,5.75,clear sky
236,Nizza Monferrato,IT,44.7738,8.3539,54.0,74,0,1.81,clear sky
237,Aguimes,ES,27.9054,-15.4461,69.8,73,75,2.3,broken clouds
238,Opuwo,NA,-18.0607,13.84,71.47,38,75,2.42,broken clouds
239,Hit,IQ,33.6416,42.8251,78.42,15,78,10.74,broken clouds
240,Kagadi,UG,0.9606,30.7967,62.19,98,96,3.04,light rain
241,Tari,NG,12.4086,4.4914,93.0,28,74,9.6,broken clouds
242,Akdepe,TM,42.0551,59.3788,64.4,32,0,9.22,clear sky
243,Barra Do Garcas,BR,-15.89,-52.2567,87.8,37,0,4.61,clear sky
244,Rapina,EE,58.0981,27.4636,37.4,87,90,12.66,overcast clouds
245,Necochea,AR,-38.5473,-58.7368,62.01,94,100,3.36,moderate rain
246,Mehamn,NO,71.0357,27.8492,33.8,80,20,10.36,light snow
247,Lucapa,AO,-8.4192,20.7447,67.66,91,96,0.49,overcast clouds
248,At-Bashi,KG,41.1702,75.8106,33.17,40,26,2.82,scattered clouds
249,Awbari,LY,26.5921,12.7805,83.21,9,4,7.96,clear sky
250,Inongo,CD,-1.95,18.2667,71.6,93,100,4.14,light rain
251,Chernyshevskiy,RU,63.0128,112.4714,22.77,96,87,8.03,overcast clouds
252,Kaspi,GE,41.9252,44.4257,55.4,76,0,9.22,clear sky
253,Salalah,OM,17.0151,54.0924,82.4,74,40,5.75,scattered clouds
254,Moerai,PF,-22.4333,-151.3333,77.54,66,41,12.39,scattered clouds
255,Flinders,AU,-34.5833,150.8552,50.0,81,89,1.01,overcast clouds
256,Luwuk,ID,-0.9516,122.7875,77.38,80,100,3.33,overcast clouds
257,Garowe,SO,8.4054,48.4845,78.46,70,69,11.41,broken clouds
258,Jieshi,CN,22.8134,115.8257,71.35,82,4,11.18,clear sky
259,Teya,RU,60.3778,92.6267,19.63,98,57,0.83,broken clouds
260,Nador,MA,35.174,-2.9287,62.6,82,75,11.5,broken clouds
261,Cayenne,GF,4.9333,-52.3333,79.0,94,75,1.14,moderate rain
262,Touros,BR,-5.1989,-35.4608,82.4,78,20,9.22,few clouds
263,Corner Brook,CA,48.9667,-57.9484,37.4,75,90,9.22,light rain
264,Rochegda,RU,62.8,43.25,47.57,80,82,9.55,broken clouds
265,Tripoli,LY,32.8752,13.1875,61.68,82,22,14.81,few clouds
266,Nouadhibou,MR,20.931,-17.0347,66.2,77,0,17.27,clear sky
267,Hervey Bay,AU,-25.2986,152.8535,59.0,78,64,3.0,broken clouds
268,Nantucket,US,41.2835,-70.0995,50.0,57,1,25.32,clear sky
269,Saint George,US,37.1041,-113.5841,81.0,10,1,18.41,clear sky
270,Abu Dhabi,AE,24.4667,54.3667,80.6,61,0,3.44,clear sky
271,Quelimane,MZ,-17.8786,36.8883,69.31,86,0,1.88,clear sky
272,Mangrol,IN,21.1167,70.1167,80.15,78,95,8.7,overcast clouds
273,Isangel,VU,-19.55,169.2667,82.4,78,20,3.44,few clouds
274,Vilhena,BR,-12.7406,-60.1458,82.4,69,20,6.91,few clouds
275,Valparaiso,CL,-33.0393,-71.6273,64.4,67,75,6.91,broken clouds
276,Montefiascone,IT,42.5393,12.0362,51.01,63,2,1.01,clear sky
277,Bilecik,TR,40.0,30.1667,57.2,62,0,10.36,clear sky
278,Lubango,AO,-14.9172,13.4925,65.61,51,99,2.98,overcast clouds
279,Luderitz,NA,-26.6481,15.1594,63.27,80,44,8.28,scattered clouds
280,Huaibei,CN,33.9744,116.7917,54.46,88,100,7.07,overcast clouds
281,Gurupa,BR,-1.405,-51.64,76.28,91,87,2.84,overcast clouds
282,Los Llanos De Aridane,ES,28.6585,-17.9182,69.8,64,40,5.75,scattered clouds
283,Baghdad,IQ,33.3406,44.4009,80.6,22,0,4.61,clear sky
284,Tam Ky,VN,15.5667,108.4833,78.8,94,20,3.44,few clouds
285,Torbay,CA,47.6666,-52.7314,42.8,70,75,21.85,broken clouds
286,Bilma,NE,18.6853,12.9164,89.8,9,45,9.28,scattered clouds
287,Krasnoselkup,RU,65.7,82.4667,28.94,89,91,16.91,overcast clouds
288,Chumikan,RU,54.7183,135.315,30.49,74,52,19.01,broken clouds
289,Uruguaiana,BR,-29.7547,-57.0883,80.6,65,20,2.3,few clouds
290,Nha Trang,VN,12.25,109.1833,78.8,83,20,2.3,few clouds
291,Svetlogorsk,BY,52.6333,29.7333,35.53,85,56,9.13,broken clouds
292,Rundu,NA,-17.9333,19.7667,63.07,41,19,6.98,few clouds
293,Saint-Philippe,RE,-21.3585,55.7679,77.0,73,40,8.05,light rain
294,Severo-Kurilsk,RU,50.6789,156.125,36.16,92,95,8.12,overcast clouds
295,Barra Patuca,HN,15.8,-84.2833,82.72,64,10,12.53,clear sky
296,Ahualulco,MX,22.4,-101.1667,87.8,7,40,17.27,scattered clouds
297,Esperance,AU,-33.8667,121.9,57.2,88,96,12.66,overcast clouds
298,Abu Kamal,SY,34.4506,40.9171,75.85,17,14,6.6,few clouds
299,Sinnamary,GF,5.3833,-52.95,77.61,88,100,12.53,light rain
300,Atar,MR,20.5169,-13.0499,81.45,12,0,4.38,clear sky
301,Uyovu,TZ,-3.2833,31.5258,62.98,95,34,3.22,scattered clouds
302,Gat,IL,31.61,34.7642,66.99,100,74,3.33,broken clouds
303,Vestmannaeyjar,IS,63.4427,-20.2734,46.4,87,100,20.2,overcast clouds
304,Ancud,CL,-41.8697,-73.8203,55.99,76,75,5.75,broken clouds
305,Gornopravdinsk,RU,60.05,69.9,41.36,85,100,6.96,light rain
306,Inza,RU,53.8533,46.3586,46.35,83,100,3.96,overcast clouds
307,Athmallik,IN,20.7219,84.5348,79.56,64,58,3.47,broken clouds
308,Menongue,AO,-14.6585,17.691,61.92,54,67,3.49,broken clouds
309,Paamiut,GL,61.994,-49.6678,32.72,77,1,0.78,clear sky
310,Yingcheng,CN,30.95,113.55,60.8,94,100,6.71,light rain
311,Morondava,MG,-20.2833,44.2833,75.09,82,0,6.4,clear sky
312,Tazmalt,DZ,36.3868,4.3989,54.18,89,65,4.12,broken clouds
313,Longyearbyen,SJ,78.2186,15.6401,14.0,67,40,10.36,scattered clouds
314,Chardara,KZ,41.2547,67.9692,54.88,51,70,6.78,broken clouds
315,Isiro,CD,2.7739,27.616,65.66,99,100,2.21,light rain
316,Beringovskiy,RU,63.05,179.3167,26.91,84,99,6.58,overcast clouds
317,Lhokseumawe,ID,5.1801,97.1507,76.1,88,100,7.83,overcast clouds
318,Udachnyy,RU,66.4167,112.4,23.88,86,86,8.3,overcast clouds
319,Eyemouth,GB,55.8713,-2.0901,45.0,67,100,3.0,overcast clouds
320,Shiloh,US,38.5614,-89.8973,59.0,58,75,14.97,broken clouds
321,Rincon,US,32.296,-81.2354,70.0,37,75,8.05,broken clouds
322,Coruripe,BR,-10.1256,-36.1756,78.53,80,43,8.16,scattered clouds
323,Yenagoa,NG,4.9247,6.2642,78.6,90,59,3.09,broken clouds
324,Les Cayes,HT,18.2,-73.75,80.98,69,28,7.83,scattered clouds
325,Xining,CN,36.6167,101.7667,42.35,92,100,5.14,overcast clouds
326,Ouadda,CF,8.0777,22.4007,69.26,90,100,3.89,overcast clouds
327,Okhotsk,RU,59.3833,143.3,18.39,68,2,19.8,clear sky
328,Bafoulabe,ML,13.8065,-10.8321,98.53,11,44,4.18,scattered clouds
329,Klaksvik,FO,62.2266,-6.589,42.8,100,20,5.75,few clouds
330,Petropavlovsk-Kamchatskiy,RU,53.0452,158.6483,37.4,93,20,2.84,few clouds
331,Selma,US,36.5708,-119.6121,73.99,33,1,4.61,clear sky
332,Quatre Cocos,MU,-20.2078,57.7625,79.0,78,40,9.22,light rain
333,Ust-Tsilma,RU,65.441,52.1498,33.64,93,70,3.58,broken clouds
334,Mar Del Plata,AR,-38.0023,-57.5575,71.6,78,0,6.91,clear sky
335,Champerico,GT,14.3,-91.9167,87.8,74,40,9.22,scattered clouds
336,Harindanga,IN,22.0383,88.3214,78.8,73,20,9.44,haze
337,Romny,UA,50.751,33.4747,41.0,81,100,6.6,overcast clouds
338,Caravelas,BR,-17.7125,-39.2481,75.11,82,38,7.49,scattered clouds
339,Dillon,US,34.4166,-79.3712,70.0,26,40,9.22,scattered clouds
340,Port Lincoln,AU,-34.7333,135.8667,59.4,73,78,4.07,broken clouds
341,Talnakh,RU,69.4865,88.3972,31.48,97,100,10.45,snow
342,Gallup,US,35.5281,-108.7426,57.2,21,75,14.97,broken clouds
343,Athabasca,CA,54.7169,-113.2854,39.2,25,100,14.97,overcast clouds
344,Sao Miguel Do Araguaia,BR,-13.275,-50.1628,76.8,57,10,2.73,clear sky
345,Whitehorse,CA,60.7161,-135.0538,46.0,26,1,8.05,clear sky
346,Rio Gallegos,AR,-51.6226,-69.2181,53.6,62,75,4.61,broken clouds
347,Husavik,IS,66.0449,-17.3389,46.4,66,0,3.44,clear sky
348,Coahuayana,MX,18.7333,-103.6833,87.8,25,1,11.5,clear sky
349,Knysna,ZA,-34.0363,23.0471,59.0,100,90,5.75,overcast clouds
350,Souillac,MU,-20.5167,57.5167,78.8,78,40,9.22,light rain
351,Mersing,MY,2.4312,103.8405,77.0,88,98,5.75,overcast clouds
352,Makat,KZ,47.6469,53.3463,49.48,75,20,13.82,few clouds
353,Guanica,PR,17.9716,-66.908,82.99,59,20,5.01,few clouds
354,Nome,US,64.5011,-165.4064,41.0,65,1,5.75,clear sky
355,General Pico,AR,-35.6566,-63.7568,64.85,84,96,3.24,overcast clouds
356,Nsanje,MW,-16.92,35.262,67.05,89,0,2.1,clear sky
357,Mogadishu,SO,2.0371,45.3438,82.71,73,77,11.63,broken clouds
358,Deputatskiy,RU,69.3,139.9,4.44,88,27,2.68,scattered clouds
359,Lipin Bor,RU,60.2622,37.9763,38.37,96,100,4.45,light rain
360,Margate,GB,51.3813,1.3862,46.99,70,42,1.99,scattered clouds
361,Saldanha,ZA,-33.0117,17.9442,57.2,77,78,4.61,broken clouds
362,Araioses,BR,-2.89,-41.9031,77.25,91,99,7.0,overcast clouds
363,Naze,JP,28.3667,129.4833,66.0,74,95,24.87,overcast clouds
364,Comodoro Rivadavia,AR,-45.8667,-67.5,55.4,76,40,2.68,scattered clouds
365,Kidodi,TZ,-7.6036,37.0044,69.84,92,55,2.82,broken clouds
366,Vesyegonsk,RU,58.664,37.2604,39.9,95,100,4.07,overcast clouds
367,Baruun-Urt,MN,46.6806,113.2792,34.56,41,56,12.01,broken clouds
368,Vanimo,PG,-2.6741,141.3028,78.82,86,100,3.02,light rain
369,Cleburne,US,32.3476,-97.3867,69.8,100,75,14.97,broken clouds
370,Namibe,AO,-15.1961,12.1522,78.22,77,0,4.14,clear sky
371,Dembi Dolo,ET,8.5333,34.8,59.54,85,97,4.88,overcast clouds
372,Bedesa,ET,8.9,40.7833,60.6,92,80,4.32,broken clouds
373,Seoul,KR,37.5683,126.9778,60.8,36,0,8.05,clear sky
374,Pangkalanbuun,ID,-2.6833,111.6167,73.42,96,76,1.36,broken clouds
375,Saint-Pierre,RE,-21.3393,55.4781,77.0,73,40,8.05,light rain
376,Ostersund,SE,63.1792,14.6357,30.0,86,4,16.11,clear sky
377,Pak Phanang,TH,8.3511,100.202,78.66,86,100,7.43,overcast clouds
378,Kargopol,RU,61.5071,38.9456,43.97,93,100,6.06,overcast clouds
379,Mount Isa,AU,-20.7333,139.5,64.4,29,29,11.5,scattered clouds
380,Talakan,RU,50.3167,130.3667,34.34,45,0,9.75,clear sky
381,Mount Gambier,AU,-37.8333,140.7667,50.0,93,40,9.22,moderate rain
382,Konde,TZ,-4.95,39.75,78.84,82,31,9.53,light rain
383,Tual,ID,-5.6667,132.75,83.66,76,84,12.93,broken clouds
384,Salisbury,GB,51.0693,-1.7957,50.0,34,44,5.75,scattered clouds
385,Shupiyan,IN,33.7167,74.8333,36.23,80,7,3.53,clear sky
386,Pafos,CY,34.7667,32.4167,57.2,72,0,3.44,clear sky
387,Lagos,NG,6.5833,3.75,102.2,44,40,5.75,light rain
388,Silvania,BR,-16.6589,-48.6081,80.6,60,20,2.1,few clouds
389,Ekhabi,RU,53.5102,142.9671,28.92,74,94,7.47,overcast clouds
390,Tyukalinsk,RU,55.8732,72.1967,34.39,60,100,8.25,overcast clouds
391,Port Blair,IN,11.6667,92.75,81.0,72,100,7.34,overcast clouds
392,San Francisco Del Mar,MX,16.2333,-94.65,84.81,66,92,13.11,overcast clouds
393,Nkoteng,CM,4.5167,12.0333,71.53,96,40,3.56,scattered clouds
394,Belyy Yar,RU,53.6039,91.3903,30.2,51,0,4.47,clear sky
395,Baiyin,CN,36.5583,104.2081,42.8,87,90,11.18,light rain
396,Maralal,KE,1.0968,36.698,59.25,91,47,4.81,scattered clouds
397,Bjornevatn,NO,69.6672,29.9847,30.2,74,0,3.44,clear sky
398,Fare,PF,-16.7,-151.0167,80.13,74,68,10.27,light rain
399,Saumur,FR,47.3333,-0.25,57.2,41,0,10.36,clear sky
400,La Ronge,CA,55.1001,-105.2842,30.2,37,100,9.22,overcast clouds
401,Agadez,NE,19.75,10.25,87.19,13,75,7.83,broken clouds
402,Matagami,CA,49.7502,-77.6328,62.6,27,1,14.97,clear sky
403,Praia Da Vitoria,PT,38.7333,-27.0667,57.99,77,40,35.05,scattered clouds
404,Visby,SE,57.6409,18.296,42.8,42,90,17.27,overcast clouds
405,Richards Bay,ZA,-28.783,32.0377,63.1,85,63,9.44,broken clouds
406,Lugo,ES,43.0,-7.5,55.99,100,80,2.75,light rain
407,Northam,GB,51.0333,-4.2167,52.0,36,83,1.01,broken clouds
408,Dandong,CN,40.1292,124.3947,53.44,77,100,4.36,overcast clouds
409,Hearst,CA,49.6835,-83.6665,64.4,19,58,10.36,broken clouds
410,Kembe,CF,4.6228,21.8865,66.63,96,100,3.22,overcast clouds
411,Ixtapa,MX,20.7,-105.2,82.4,65,1,11.5,clear sky
412,Noumea,NC,-22.2763,166.4572,78.01,88,0,2.3,clear sky
413,Mountain Home,US,43.133,-115.6912,66.2,18,75,19.57,broken clouds
414,Pravia,ES,43.4906,-6.1508,64.4,55,20,4.61,few clouds
415,Fort Nelson,CA,58.8053,-122.7002,35.6,48,75,5.75,broken clouds
416,Sakaiminato,JP,35.55,133.2333,50.0,93,75,3.44,broken clouds
417,Boditi,ET,6.9667,37.8667,58.42,94,100,4.59,moderate rain
418,Sibolga,ID,1.7427,98.7792,75.54,88,100,2.33,overcast clouds
419,Whitefish,US,48.4111,-114.3376,42.8,52,90,4.61,overcast clouds
420,Shenjiamen,CN,29.9576,122.298,60.71,95,100,5.99,overcast clouds
421,Presidencia Roque Saenz Pena,AR,-26.7852,-60.4388,68.88,95,84,5.7,broken clouds
422,Dali,CN,25.7,100.1833,53.76,70,1,4.85,clear sky
423,Hambantota,LK,6.1241,81.1185,79.39,83,65,7.63,broken clouds
424,Jos,NG,9.9167,8.9,73.58,68,100,4.72,overcast clouds
425,Kemijarvi,FI,66.7131,27.4306,29.55,95,100,13.96,light snow
426,Skjervoy,NO,70.0311,20.9714,36.07,52,96,8.81,overcast clouds
427,Samandag,TR,36.0842,35.9771,57.2,82,40,3.44,scattered clouds
428,Tiznit,MA,29.5833,-9.5,59.86,71,59,5.79,broken clouds
429,San Ignacio,BZ,17.1561,-89.0714,86.0,51,40,9.22,scattered clouds
430,Vostok,RU,46.4856,135.8833,38.14,93,100,5.86,overcast clouds
431,Faya,SA,18.3851,42.4509,62.6,77,20,4.61,few clouds
432,Leh,IN,34.1667,77.5833,23.83,65,100,6.38,overcast clouds
433,Olafsvik,IS,64.8945,-23.7142,43.65,91,100,11.9,overcast clouds
434,Asino,RU,56.9979,86.1452,28.6,90,10,5.64,clear sky
435,Bull Savanna,JM,17.8868,-77.5902,76.3,79,35,4.16,scattered clouds
436,Vadum,DK,57.1179,9.857,41.0,87,6,5.75,clear sky
437,Rock Sound,BS,24.9,-76.2,76.28,71,37,17.94,scattered clouds
438,Sawtell,AU,-30.3833,153.1,50.0,93,0,2.3,clear sky
439,Betsiamites,CA,48.9413,-68.646,39.2,70,20,19.57,few clouds
440,Kamyshevatskaya,RU,46.4132,37.9563,52.2,75,100,21.34,light rain
441,Moyo,UG,3.6609,31.7247,66.54,89,100,2.73,light rain
442,Puerto Escondido,MX,15.85,-97.0667,87.8,74,75,8.05,broken clouds
443,Almeria,ES,37.1667,-2.3333,63.0,67,0,18.41,clear sky
444,Seia,PT,40.4151,-7.7086,59.0,85,93,1.01,overcast clouds
445,Bere,TD,9.3202,16.1552,90.19,35,89,13.78,overcast clouds
446,Rawson,AR,-43.3002,-65.1023,57.47,61,4,21.61,clear sky
447,Shizuishan,CN,39.2333,106.7694,53.8,87,100,14.56,moderate rain
448,Cabatuan,PH,10.8794,122.486,77.27,81,100,4.07,overcast clouds
449,Belpasso,IT,37.5947,14.9834,59.0,94,75,2.3,moderate rain
450,Beira,MZ,-19.8436,34.8389,73.4,83,20,5.23,few clouds
451,Diego De Almagro,CL,-26.3667,-70.05,62.76,47,0,8.21,clear sky
452,Bosaso,SO,11.2842,49.1816,83.53,67,0,3.31,clear sky
453,Sembakung,ID,3.8167,117.25,75.2,94,40,4.61,light rain
454,Saint-Augustin,CA,51.226,-58.6502,32.58,93,100,13.94,light snow
455,Winnemucca,US,40.973,-117.7357,66.2,9,1,10.36,clear sky
456,Rocha,UY,-34.4833,-54.3333,64.0,91,3,9.4,clear sky
457,Merauke,ID,-8.4667,140.3333,78.51,87,59,7.56,moderate rain
458,Palmer,US,42.1584,-72.3287,60.01,23,20,19.57,few clouds
459,Kota Bahru,MY,6.1333,102.2386,75.2,94,20,4.61,few clouds
460,Marbella,ES,36.5154,-4.8858,62.6,82,75,6.91,broken clouds
461,Severo-Yeniseyskiy,RU,60.3725,93.0408,16.75,97,23,1.97,few clouds
462,Ondangwa,NA,-17.9167,15.95,66.2,55,33,3.44,scattered clouds
463,Bentiu,SS,9.2333,29.8333,85.78,44,19,4.59,few clouds
464,Cervo,ES,43.6702,-7.4101,59.0,86,97,4.79,overcast clouds
465,Bandarbeyla,SO,9.4942,50.8122,82.92,73,100,7.38,overcast clouds
466,Sao Miguel Do Tapuio,BR,-5.5036,-41.3233,73.27,94,65,5.26,broken clouds
467,Conway,US,35.0887,-92.4421,57.2,88,90,6.91,overcast clouds
468,Songjianghe,CN,42.1859,127.479,48.34,85,100,2.26,overcast clouds
469,Ugoofaaru,MV,5.6667,73.0,82.36,75,21,7.02,few clouds
470,Puerto Carreno,CO,6.189,-67.4859,94.14,40,82,6.6,broken clouds
471,Hami,CN,42.8,93.45,45.32,28,51,8.75,broken clouds
472,Alamosa,US,37.4695,-105.87,46.4,42,90,14.97,overcast clouds
473,Kotka,FI,60.4664,26.9458,35.6,93,90,3.44,light rain
474,Phalombe,MW,-15.8064,35.6507,60.53,92,3,1.63,clear sky
475,Sarangani,PH,5.4033,125.4636,83.28,75,73,14.2,broken clouds
476,Itabira,BR,-19.6192,-43.2269,65.64,77,31,3.15,scattered clouds
477,Punta Cardon,VE,11.6581,-70.215,81.01,70,8,30.89,clear sky
478,Port Moresby,PG,-9.4431,147.1797,77.0,94,40,5.75,scattered clouds
479,La Orilla,MX,17.9833,-102.2333,85.28,45,95,11.18,overcast clouds
480,Port Said,EG,31.2565,32.2841,64.4,88,0,11.5,clear sky
481,Porto Novo,BJ,6.4965,2.6036,84.2,84,40,12.66,scattered clouds
482,Rylsk,RU,51.5655,34.6822,42.13,82,100,7.9,light rain
483,Aquiraz,BR,-3.9014,-38.3911,82.4,78,40,5.75,scattered clouds
484,Mendota,US,36.7536,-120.3816,73.99,37,1,3.44,clear sky
485,Bud,US,39.447,-86.1758,57.99,44,90,9.22,overcast clouds
486,Wajima,JP,37.4,136.9,52.25,67,100,1.59,overcast clouds
487,Verkhoyansk,RU,67.5447,133.385,8.06,91,86,2.21,overcast clouds
488,Ligayan,PH,4.6533,119.4706,83.07,71,100,5.99,overcast clouds
489,Novyy Urgal,RU,51.0736,132.5642,33.3,44,0,5.57,clear sky
490,Vila,PT,42.0304,-8.1588,55.0,93,95,7.0,light rain
491,Miracatu,BR,-24.2814,-47.4597,65.86,96,64,1.1,broken clouds
492,Tagusao,PH,9.1924,117.8141,79.07,84,99,8.46,overcast clouds
493,Kushmurun,KZ,52.4503,64.6311,46.54,42,100,13.27,overcast clouds
494,Kloulklubed,PW,7.0419,134.2556,77.0,88,75,7.76,broken clouds
495,San Nicolas,PH,18.1725,120.5953,71.6,94,20,4.61,few clouds
496,Mamala,PH,14.0167,121.5167,79.0,80,37,1.99,scattered clouds
497,Doctor Juan Leon Mallorquin,PY,-25.4,-55.2667,77.0,57,0,6.91,clear sky
498,Kuzino,RU,57.0224,59.4412,37.71,94,100,3.18,overcast clouds
499,Hofn,IS,64.2539,-15.2082,44.6,87,75,2.3,broken clouds
500,Lasem,ID,-6.6922,111.4527,74.86,83,6,4.21,clear sky
501,Mayo,US,38.8876,-76.5119,62.6,29,1,6.91,clear sky
502,Chapais,CA,49.7834,-74.8492,50.0,29,1,19.57,clear sky
503,Carupano,VE,10.6678,-63.2585,80.82,76,7,15.88,clear sky
504,Eyl,SO,7.9803,49.8164,82.87,74,99,8.99,overcast clouds
505,Cabedelo,BR,-6.9811,-34.8339,80.6,83,40,6.91,scattered clouds
506,Maragogi,BR,-9.0122,-35.2225,78.69,80,2,7.23,clear sky
507,Cumberland,US,35.0502,-78.8664,68.0,24,75,12.66,broken clouds
508,Bocas Del Toro,PA,9.3333,-82.25,69.01,65,86,7.0,overcast clouds
509,Alugan,PH,12.2188,125.4808,76.96,87,100,6.24,overcast clouds
510,Redcliffe,AU,-27.2307,153.0973,57.99,88,20,8.05,few clouds
511,Rolla,US,37.9514,-91.7713,62.01,55,90,8.05,overcast clouds
512,Tilichiki,RU,60.4667,166.1,22.82,82,50,4.23,scattered clouds
513,Longkou,CN,37.6508,120.3286,50.45,93,100,25.14,overcast clouds
514,Umm Lajj,SA,25.0213,37.2685,84.85,39,3,6.02,clear sky
515,Sao Mateus Do Sul,BR,-25.8742,-50.3828,58.1,66,3,2.48,clear sky
516,Channel-Port Aux Basques,CA,47.5702,-59.1367,33.31,97,100,13.06,light snow
517,Tongliao,CN,43.6125,122.2653,49.51,68,100,13.87,overcast clouds
518,Yilan,TW,24.757,121.753,71.01,99,83,1.5,broken clouds
519,Broken Hill,AU,-31.95,141.4333,46.4,76,67,8.1,broken clouds
520,Linhares,BR,-19.3911,-40.0722,71.6,88,45,3.78,scattered clouds
521,Kavieng,PG,-2.5744,150.7967,80.24,79,100,4.7,overcast clouds
522,Gondanglegi,ID,-7.7479,112.0132,72.45,87,19,5.08,few clouds
523,Half Moon Bay,US,37.4636,-122.4286,66.2,82,75,8.05,haze
524,Carbonia,IT,39.1672,8.5222,55.4,94,20,5.75,few clouds
525,Sidi Ali,DZ,36.0998,0.4206,58.6,74,100,12.8,overcast clouds
526,Gashua,NG,12.871,11.0482,86.61,13,60,1.32,broken clouds
527,Tshikapa,CD,-6.4167,20.8,71.17,95,89,1.3,light rain
528,Zhuhai,CN,22.2769,113.5678,78.8,94,40,5.75,scattered clouds
529,Povoa De Varzim,PT,41.3834,-8.7636,60.8,94,75,6.91,light rain
530,Padang,ID,-0.9492,100.3543,75.2,94,75,2.3,moderate rain
531,Tsaratanana,MG,-16.7833,47.65,70.9,83,56,9.91,broken clouds
532,Pavlohrad,UA,48.5167,35.8667,48.0,93,75,6.71,moderate rain
533,Raga,SS,8.4596,25.678,80.62,46,91,5.01,overcast clouds
534,Cordoba,AR,-31.4135,-64.1811,69.8,78,75,17.27,broken clouds
535,Filotion,GR,37.05,25.5,64.4,59,100,17.27,overcast clouds
536,Aykino,RU,62.2248,49.9922,41.59,86,73,5.35,broken clouds
537,Carlsbad,US,33.1581,-117.3506,64.99,67,90,6.91,overcast clouds
538,Pedasi,PA,7.5333,-80.0333,84.25,68,70,10.2,broken clouds
539,Lerici,IT,44.0759,9.9112,59.0,64,0,7.72,clear sky
540,Atambua,ID,-9.1061,124.8925,70.84,85,29,4.27,scattered clouds
541,Westport,US,41.1415,-73.3579,63.0,22,1,16.11,clear sky
542,Yamada,JP,39.4667,141.95,52.79,52,7,2.59,clear sky
543,Takoradi,GH,4.8845,-1.7554,81.97,83,100,8.75,overcast clouds
544,Sola,VU,-13.8833,167.55,84.2,89,75,17.6,broken clouds
545,Santa Cruz Cabralia,BR,-16.2781,-39.0247,78.8,73,0,9.22,clear sky
546,Cerritos,US,33.8583,-118.0648,66.99,59,75,12.66,broken clouds
547,Bogotol,RU,56.2078,89.5342,29.95,81,100,9.06,overcast clouds
548,Constitucion,CL,-35.3333,-72.4167,58.01,72,0,9.37,clear sky
549,Juigalpa,NI,12.1063,-85.3645,91.4,46,40,4.61,scattered clouds
550,Vryburg,ZA,-26.9566,24.7284,60.75,33,2,7.83,clear sky
551,Riyadh,SA,24.6877,46.7219,82.4,13,0,5.75,clear sky
552,Tateyama,JP,34.9833,139.8667,53.01,87,100,6.62,overcast clouds
553,Dongying,CN,37.4564,118.4856,52.79,87,100,13.24,overcast clouds
554,Muncar,ID,-8.4333,114.3333,72.61,89,4,2.59,clear sky
555,Port-Gentil,GA,-0.7193,8.7815,81.1,83,63,9.75,broken clouds
556,Verkhnyaya Inta,RU,65.9811,60.3094,35.1,92,94,9.15,overcast clouds
557,Kenai,US,60.5544,-151.2583,53.6,37,1,11.5,clear sky
558,Along,IN,28.1667,94.7667,62.76,82,65,2.39,broken clouds
559,Vernon,CA,50.2581,-119.2691,64.0,18,99,2.3,overcast clouds
560,Gao,ML,16.6362,1.637,88.16,5,5,11.43,clear sky
561,Viedma,AR,-40.8135,-62.9967,63.61,52,44,8.39,scattered clouds
562,Hohhot,CN,40.8106,111.6522,51.8,62,0,6.71,clear sky
563,Mayumba,GA,-3.432,10.6554,78.3,87,100,2.21,overcast clouds
564,San Vicente,AR,-26.6167,-54.1333,67.08,63,86,0.94,overcast clouds
565,Werda,BW,-25.2667,23.2833,65.91,27,0,1.83,clear sky
566,Marzuq,YE,14.4,46.4667,69.39,62,9,6.04,clear sky
567,Kyshtovka,RU,56.555,76.6271,32.18,72,0,4.79,clear sky
568,Praia,CV,14.9215,-23.5087,69.8,73,20,14.97,few clouds
569,Yarmouth,US,41.7057,-70.2286,57.2,35,1,17.27,clear sky
570,Bakchar,RU,57.0186,82.0711,24.12,97,13,1.9,few clouds
571,Cap Malheureux,MU,-19.9842,57.6142,79.0,78,99,7.0,light rain
572,Alice Springs,AU,-23.7,133.8833,44.6,81,0,6.04,clear sky
573,Bethlehem,BR,-1.4558,-48.5044,80.6,83,40,11.5,scattered clouds
574,Iquitos,PE,-3.7481,-73.2472,80.6,78,75,8.05,broken clouds
575,Idaho Falls,US,43.4666,-112.0341,55.99,35,90,9.22,overcast clouds
576,Tezu,IN,27.9167,96.1667,70.7,38,62,4.32,broken clouds
577,Kudahuvadhoo,MV,2.6708,72.8944,82.92,68,21,11.99,few clouds
578,Atbasar,KZ,51.8,68.3333,38.62,50,100,12.84,overcast clouds
579,Anadyr,RU,64.75,177.4833,15.8,86,0,4.47,clear sky
580,Monchique,PT,37.3177,-8.5553,64.4,88,20,12.66,few clouds
581,Natal,BR,-5.795,-35.2094,82.4,78,20,9.22,few clouds
582,Lakes Entrance,AU,-37.8811,147.981,48.0,91,6,8.25,clear sky
583,Kuusamo,FI,65.9667,29.1833,30.2,93,90,5.75,light snow
584,Lufilufi,WS,-13.8745,-171.5986,87.8,74,20,3.44,few clouds
585,Kirando,TZ,-7.4167,30.6,71.4,82,58,4.23,light rain
586,Mahebourg,MU,-20.4081,57.7,78.8,78,40,9.22,light rain
587,Ariquemes,BR,-9.9133,-63.0408,77.02,87,99,1.52,light rain
588,Stubbekobing,DK,54.8887,12.041,46.0,65,69,5.99,broken clouds
589,Thiruvananthapuram,IN,8.4833,76.9167,84.2,84,20,3.44,mist
590,Scarborough,GB,54.2797,-0.4044,46.99,58,100,5.23,overcast clouds
591,Sorland,NO,67.667,12.6934,36.54,59,100,21.39,overcast clouds
592,Lunino,RU,53.5918,45.2271,52.0,45,76,5.08,broken clouds
593,Ferrol,ES,43.4832,-8.2369,64.4,72,20,8.05,light rain
594,Kamaishi,JP,39.2667,141.8833,52.88,56,6,1.32,clear sky
595,Yumen,CN,40.2833,97.2,37.47,85,49,1.41,scattered clouds
596,Frontera Comalapa,MX,15.65,-92.1333,92.8,35,85,3.98,overcast clouds
597,Batagay-Alyta,RU,67.8006,130.4114,4.24,84,15,4.25,few clouds
598,Joensuu,FI,62.6012,29.7632,33.01,93,0,4.61,clear sky
599,Yerbogachen,RU,61.2767,108.0108,26.02,90,86,5.08,overcast clouds
600,Geraldton,AU,-28.7667,114.6,59.0,82,75,9.22,broken clouds
601,Vanavara,RU,60.34,102.2797,29.37,94,100,1.68,overcast clouds
602,Calbuco,CL,-41.768,-73.1273,57.2,72,75,2.3,broken clouds
603,Ipixuna,BR,-1.7625,-48.8043,80.6,83,40,11.5,scattered clouds
604,Makakilo City,US,21.3469,-158.0858,84.2,48,40,10.36,scattered clouds
605,Dhidhdhoo,MV,6.8833,73.1,83.08,75,7,6.69,clear sky
606,Tupik,RU,54.4253,119.9327,25.14,70,4,3.71,clear sky
607,Quang Ngai,VN,15.1167,108.8,74.88,91,86,3.91,overcast clouds
608,Lavrentiya,RU,65.5833,-171.0,33.04,78,25,1.52,scattered clouds
609,Pankrushikha,RU,53.8319,80.3406,32.23,85,3,6.22,clear sky
610,Manzanillo,CU,20.3433,-77.1167,87.49,50,27,6.69,scattered clouds
611,Ife,NG,7.4667,4.5667,73.99,96,38,1.9,light rain
612,Kalmunai,LK,7.4167,81.8167,79.74,81,2,1.52,clear sky
613,Kitimat,CA,54.0524,-128.6534,62.01,36,100,3.0,overcast clouds
614,Sabzevar,IR,36.2126,57.6819,70.7,47,100,10.45,overcast clouds
615,Yelizovo,RU,53.1873,158.3805,37.4,93,20,5.06,few clouds
616,Faridpur,BD,23.6,89.8333,82.4,69,75,7.78,haze
617,Olga,RU,43.7444,135.2892,55.87,68,100,3.53,overcast clouds
618,Biltine,TD,14.5333,20.9167,88.05,13,71,9.82,broken clouds
619,Moose Factory,CA,51.2585,-80.6094,48.2,53,1,12.66,clear sky
620,Linjiang,CN,41.8069,126.9078,52.56,64,100,0.72,overcast clouds
621,Najran,SA,17.4924,44.1277,75.2,22,0,2.51,clear sky
622,Dauriya,RU,49.9333,116.8667,34.92,22,100,4.41,overcast clouds
623,Skibbereen,IE,51.55,-9.2667,50.0,66,40,14.97,scattered clouds
624,Sheridan,US,44.8333,-106.9173,37.99,70,90,9.22,overcast clouds
625,Bagdarin,RU,54.4333,113.6,23.05,59,99,3.49,overcast clouds
626,Maldonado,UY,-34.6667,-54.9167,71.6,73,0,4.61,clear sky
627,Ketchikan,US,55.3422,-131.6461,55.4,38,1,10.36,clear sky
628,Kuito,AO,-12.3833,16.9333,62.1,65,98,4.52,overcast clouds
629,Praya,CV,14.9215,-23.5087,69.8,73,20,14.97,few clouds
630,Parrita,CR,9.5201,-84.3225,78.8,61,40,17.27,scattered clouds
631,Mayor Pablo Lagerenza,PY,-19.9309,-60.7718,85.84,46,57,11.21,broken clouds
632,Kyabe,TD,9.4515,18.9449,81.99,56,87,10.04,overcast clouds
633,Mbeya,TZ,-8.9,33.45,56.82,96,39,4.7,scattered clouds
634,Kpalime,TG,6.9,0.6333,75.99,92,65,2.15,light rain
635,Qasigiannguit,GL,68.8193,-51.1922,37.4,65,88,2.3,overcast clouds
636,Nambucca Heads,AU,-30.65,153.0,53.01,93,0,2.3,clear sky
637,Colwyn Bay,GB,53.2948,-3.7267,54.0,46,100,1.14,overcast clouds
638,Neiafu,TO,-18.65,-173.9833,82.4,78,20,5.75,few clouds
639,Bonavista,CA,48.6499,-53.1147,42.8,45,100,14.97,overcast clouds
640,Kirovskiy,RU,45.0917,133.5136,46.53,64,100,10.54,moderate rain
641,Tvedestrand,NO,58.622,8.9315,42.8,33,3,5.75,clear sky
642,Shenzhen,CN,22.5455,114.0683,79.0,96,21,1.01,few clouds
643,Lieksa,FI,63.3167,30.0167,28.53,98,71,3.8,broken clouds
644,Chicama,PE,-7.8447,-79.1469,64.4,88,20,9.22,fog
645,Diplo,PK,24.4667,69.584,78.91,75,2,11.36,clear sky
646,Izhma,RU,65.0083,53.9113,37.71,92,82,4.38,broken clouds
647,Diffa,NE,13.3154,12.6113,91.42,11,94,6.71,overcast clouds
648,Coihaique,CL,-45.5752,-72.0662,50.0,66,75,4.61,broken clouds
649,Inirida,CO,3.8653,-67.9239,79.83,86,95,2.95,light rain
650,Anloga,GH,5.7947,0.8973,84.2,84,20,12.66,light rain
651,Mingaora,PK,34.7758,72.3625,54.28,43,0,6.2,clear sky
652,Middelburg,ZA,-25.7751,29.4648,51.94,72,72,8.9,broken clouds
653,Srednekolymsk,RU,67.45,153.6833,10.76,93,100,17.96,light snow
654,Mangaratiba,BR,-22.9597,-44.0406,73.4,78,40,8.05,scattered clouds
655,Guadalupe Y Calvo,MX,26.1,-106.9667,63.66,11,0,17.18,clear sky
656,Sandwick,GB,60.0,-1.25,44.6,87,99,3.44,overcast clouds
657,Troy,US,42.6056,-83.1499,63.0,25,40,13.8,scattered clouds
658,Iranshahr,IR,27.2025,60.6848,86.0,16,10,6.91,haze
659,Camopi,GF,3.1655,-52.3158,73.56,98,100,2.35,light rain
660,Mackenzie,CA,55.2999,-123.1698,44.6,33,20,2.3,few clouds
661,Kholm-Zhirkovskiy,RU,55.5189,33.4731,35.67,79,100,4.79,overcast clouds
662,Vilyuysk,RU,63.7553,121.6247,14.41,95,72,3.49,broken clouds
663,Beyneu,KZ,45.3167,55.2,51.44,71,13,14.38,few clouds
664,Bandiagara,ML,14.3501,-3.6104,95.0,26,0,6.91,clear sky
665,Siilinjarvi,FI,63.0833,27.6667,33.8,93,75,4.61,broken clouds
666,Bonoua,CI,5.2741,-3.595,84.2,84,0,5.75,clear sky
667,Auch,FR,43.65,0.5833,60.8,44,0,3.44,clear sky
668,Guebwiller,FR,47.9167,7.2,51.8,40,28,5.75,scattered clouds
669,Namtsy,RU,62.7161,129.6658,26.6,68,40,11.18,scattered clouds
670,Ongandjera,NA,-17.8833,15.0667,74.34,30,10,7.61,clear sky
671,Sistranda,NO,63.7256,8.834,35.6,69,75,13.8,broken clouds
672,Kholodnyy,RU,62.7167,147.95,14.23,87,100,5.26,overcast clouds
673,Tevaitoa,PF,-16.7833,-151.5,79.9,76,94,12.28,moderate rain
674,Bukachacha,RU,52.9833,116.9167,28.47,40,49,2.82,scattered clouds
675,Ust-Omchug,RU,61.15,149.6333,16.11,83,99,7.38,overcast clouds
676,Bedele,ET,8.456,36.353,57.61,94,93,3.27,light rain
677,Hinton,CA,53.4001,-117.5857,44.6,21,72,11.5,broken clouds
678,Kulhudhuffushi,MV,6.6221,73.07,83.08,75,5,7.05,clear sky
679,Lipari,IT,38.4674,14.954,55.99,95,100,19.6,light rain
680,Sur,OM,22.5667,59.5289,86.45,31,0,15.37,clear sky
681,Sabang,ID,5.8933,95.3214,82.58,74,100,17.78,overcast clouds
682,Perth,AU,-31.9333,115.8333,62.6,55,0,6.91,clear sky
683,Tromso,NO,69.6496,18.957,28.99,93,75,2.3,light snow
684,Khushab,PK,32.2967,72.3525,67.05,49,0,6.53,clear sky
685,Pareora,NZ,-44.4871,171.2132,54.0,97,55,3.0,broken clouds
686,Palauig,PH,15.435,119.9045,76.44,71,26,7.07,scattered clouds
687,Lima,PE,-12.0432,-77.0282,70.0,77,40,8.05,scattered clouds
688,Bahia Blanca,AR,-38.7196,-62.2724,65.41,68,100,3.94,overcast clouds
689,Kemise,ET,10.7167,39.8667,68.85,71,99,3.4,light rain
690,Kiama,AU,-34.6833,150.8667,52.0,81,95,1.01,overcast clouds
